Brand,Model,Year,In_Database,Has_Image,PDF_Available,Source,Notes
Hyundai,Elantra CN7,2025,Yes,Yes,,,Database
Hyundai,Elantra CN7,2025,Yes,Yes,,,Database
Hyundai,Elantra CN7,2025,Yes,Yes,,,Database
Hyundai,Tucson NX4,2025,Yes,Yes,,,Database
Hyundai,Tucson NX4,2025,Yes,Yes,,,Database
Hyundai,Tucson NX4,2025,Yes,Yes,,,Database
Hyundai,Tucson NX4,2025,Yes,Yes,,,Database
Hyundai,Tucson NX4,2025,Yes,Yes,,,Database
Hyundai,Tucson NX4,2025,Yes,Yes,,,Database
Hyundai,Tucson NX4 2026,2026,Yes,No,,,Database
Hyundai,Tucson NX4 2026,2026,Yes,No,,,Database
Hyundai,Tucson NX4 2026,2026,Yes,No,,,Database
Hyundai,Tucson NX4 2026,2026,Yes,No,,,Database
Hyundai,Tucson NX4 2026,2026,Yes,No,,,Database
Hyundai,Tucson NX4 2026,2026,Yes,No,,,Database
Hyundai,Tucson NX4 2026,2026,Yes,No,,,Database
Toyota,Camry 2024,2024,Yes,Yes,,,Database
Toyota,Corolla,2024,Yes,Yes,,,Database
Toyota,Corolla,2024,Yes,Yes,,,Database
Toyota,Corolla,2024,Yes,Yes,,,Database
Toyota,Corolla,2024,Yes,Yes,,,Database
Toyota,Corolla 2025,2025,Yes,Yes,,,Database
Toyota,Corolla 2025,2025,Yes,Yes,,,Database
Toyota,Corolla 2025,2025,Yes,Yes,,,Database
Toyota,Corolla 2025,2025,Yes,Yes,,,Database
Toyota,Corolla 2025,2025,Yes,Yes,,,Database
Toyota,Corolla 2026,2026,Yes,Yes,,,Database
Toyota,Corolla 2026,2026,Yes,Yes,,,Database
Toyota,Corolla 2026,2026,Yes,Yes,,,Database
Toyota,Corolla 2026,2026,Yes,Yes,,,Database
Toyota,Fortuner 2025,2025,Yes,Yes,,,Database
Toyota,Fortuner 2025,2025,Yes,Yes,,,Database
Toyota,Fortuner 2025,2025,Yes,Yes,,,Database
Toyota,Fortuner 2026,2026,Yes,Yes,,,Database
Toyota,Land Cruiser 2025,2025,Yes,Yes,,,Database
Toyota,Land Cruiser 2025,2025,Yes,Yes,,,Database
Toyota,Prado 2024,2024,Yes,Yes,,,Database
Toyota,RAV4 2024,2024,Yes,Yes,,,Database
Toyota,Urban Cruiser 2025,2025,Yes,Yes,,,Database
Toyota,Urban Cruiser 2025,2025,Yes,Yes,,,Database
Toyota,Urban Cruiser 2026,2026,Yes,Yes,,,Database
Toyota,Urban Cruiser 2026,2026,Yes,Yes,,,Database
Nissan,Sentra 2025,2025,Yes,Yes,,,Database
Nissan,Sentra 2025,2025,Yes,Yes,,,Database
Nissan,Sunny,2025,Yes,Yes,,,Database
Nissan,Sunny,2025,Yes,Yes,,,Database
Nissan,Sunny,2025,Yes,Yes,,,Database
Nissan,Sunny,2025,Yes,Yes,,,Database
Nissan,Sunny 2026,2026,Yes,No,,,Database
Nissan,Sunny 2026,2026,Yes,No,,,Database
Nissan,Sunny 2026,2026,Yes,No,,,Database
Nissan,Sunny 2026,2026,Yes,No,,,Database
Nissan,X-Trail 2026,2026,Yes,No,,,Database
Nissan,X-Trail 2026,2026,Yes,No,,,Database
Nissan,X-Trail 2026,2026,Yes,No,,,Database
Kia,Grand Cerato,2024,Yes,Yes,,,Database
Kia,Grand Cerato,2024,Yes,Yes,,,Database
Kia,Grand Cerato,2024,Yes,Yes,,,Database
Kia,Sportage,2025,Yes,Yes,,,Database
Kia,Sportage,2025,Yes,Yes,,,Database
Kia,Sportage,2025,Yes,Yes,,,Database
Kia,Sportage,2025,Yes,Yes,,,Database
Kia,Sportage,2025,Yes,Yes,,,Database
Kia,Sportage 2025,2025,Yes,Yes,,,Database
Kia,Sportage 2025,2025,Yes,Yes,,,Database
Kia,Sportage 2025,2025,Yes,Yes,,,Database
Kia,Sportage 2025,2025,Yes,Yes,,,Database
Kia,Sportage 2025,2025,Yes,Yes,,,Database
Chevrolet,Captiva 2025,2025,Yes,Yes,,,Database
Chevrolet,Captiva 2025,2025,Yes,Yes,,,Database
Chevrolet,Optra 2025,2025,Yes,No,,,Database
Chevrolet,Optra 2025,2025,Yes,No,,,Database
Chevrolet,Optra 2026,2026,Yes,Yes,,,Database
Chevrolet,Optra 2026,2026,Yes,Yes,,,Database
MG,MG 5,2024,Yes,Yes,,,Database
MG,MG 5,2024,Yes,Yes,,,Database
MG,MG 5,2024,Yes,Yes,,,Database
MG,ZS,2024,Yes,Yes,,,Database
MG,ZS,2024,Yes,Yes,,,Database
Renault,Austral 2026,2026,Yes,No,,,Database
Renault,Austral 2026,2026,Yes,No,,,Database
Renault,Austral 2026,2026,Yes,No,,,Database
Renault,Austral 2026,2026,Yes,No,,,Database
Renault,Austral 2026,2026,Yes,No,,,Database
Renault,Duster,2024,Yes,Yes,,,Database
Renault,Duster,2024,Yes,Yes,,,Database
Renault,Duster 2025 New Generation,2025,Yes,No,,,Database
Renault,Duster 2025 New Generation,2025,Yes,No,,,Database
Renault,Duster 2025 New Generation,2025,Yes,No,,,Database
Renault,Duster 2026,2026,Yes,No,,,Database
Renault,Duster 2026,2026,Yes,No,,,Database
Renault,Duster 2026,2026,Yes,No,,,Database
Renault,Kardian 2025,2025,Yes,No,,,Database
Renault,Kardian 2025,2025,Yes,No,,,Database
Renault,Kardian 2025,2025,Yes,No,,,Database
Renault,Kardian 2026,2026,Yes,No,,,Database
Renault,Kardian 2026,2026,Yes,No,,,Database
Renault,Kardian 2026,2026,Yes,No,,,Database
Renault,Megane,2024,Yes,Yes,,,Database
Renault,Megane,2024,Yes,Yes,,,Database
Renault,Megane,2024,Yes,Yes,,,Database
Renault,Megane 2025,2025,Yes,Yes,,,Database
Renault,Megane 2025,2025,Yes,Yes,,,Database
Renault,Megane 2025,2025,Yes,Yes,,,Database
Renault,Megane 2026,2026,Yes,No,,,Database
Renault,Megane 2026,2026,Yes,No,,,Database
Renault,Megane 2026,2026,Yes,No,,,Database
Renault,Taliant 2025,2025,Yes,No,,,Database
Renault,Taliant 2025,2025,Yes,No,,,Database
Renault,Taliant 2026,2026,Yes,No,,,Database
Renault,Taliant 2026,2026,Yes,No,,,Database
Peugeot,2008 2025,2025,Yes,No,,,Database
Peugeot,2008 2025,2025,Yes,No,,,Database
Peugeot,2008 2026,2026,Yes,No,,,Database
Peugeot,2008 2026,2026,Yes,No,,,Database
Peugeot,3008,2024,Yes,No,,,Database
Peugeot,3008,2024,Yes,No,,,Database
Peugeot,3008,2024,Yes,No,,,Database
Peugeot,3008 2025,2025,Yes,No,,,Database
Peugeot,3008 2025,2025,Yes,No,,,Database
Peugeot,3008 2026,2026,Yes,No,,,Database
Peugeot,3008 2026,2026,Yes,No,,,Database
Peugeot,408 2025,2025,Yes,No,,,Database
Peugeot,408 2025,2025,Yes,No,,,Database
Peugeot,408 2025,2025,Yes,No,,,Database
Peugeot,408 2026,2026,Yes,No,,,Database
Peugeot,408 2026,2026,Yes,No,,,Database
Peugeot,5008 2025,2025,Yes,No,,,Database
Peugeot,5008 2025,2025,Yes,No,,,Database
Peugeot,5008 2026,2026,Yes,No,,,Database
Peugeot,5008 2026,2026,Yes,No,,,Database
Peugeot,508 2025,2025,Yes,No,,,Database
Peugeot,508 2025,2025,Yes,No,,,Database